{
  "generated_at": "2026-02-19T23:08:13.989225",
  "total_profiles": 5,
  "profiles": [
    {
      "rank": 1,
      "handle": "DrorIvry",
      "display_name": null,
      "bio": "I build (and break) LLMs, agents and everything in between. | CTO & cofounder @ Qualifire",
      "profile_url": "https://x.com/DrorIvry",
      "followers_count": null,
      "following_count": null,
      "tweet_count": null,
      "verified": false,
      "location": null,
      "website": null,
      "last_active": "2026-02-19T12:18:11.736363",
      "last_active_str": null,
      "days_since_active": 0,
      "signal_strength": 55.5,
      "score_breakdown": {
        "llm_eval": 24.0,
        "llm_reasoning": "Profile demonstrates strong technical depth in AI security and agent architecture with specific model releases (Paladin-mini) and security testing frameworks, plus clear entrepreneurial signals as CTO/cofounder actively shipping products. However, limited community engagement metrics (zero followers/likes) and no broader ecosystem participation beyond technical posts reduce the overall score.",
        "semantic": 12.0,
        "technical": 15.0,
        "technical_keywords": [
          "llm",
          "gpt",
          "rag",
          "huggingface",
          "ai agent",
          "ai agents",
          "multi-agent",
          "gemini",
          "api",
          "nlp",
          "open source",
          "founder",
          "launched",
          "tool",
          "framework"
        ],
        "tweet_engagement": 2,
        "links": 0.0,
        "profile_completeness": 2.5
      },
      "classification": {
        "llm_category": "Early-stage founder",
        "llm_confidence": 0.85,
        "llm_reasoning": "The profile shows clear entrepreneurial activity as CTO & cofounder at Qualifire with active product shipping (Paladin-mini open-source release) and technical leadership in AI security. While demonstrating deep AI/ML expertise, the primary signal is building and securing products at a startup rather than pure research, investment, or operational roles.",
        "semantic_top_category": "Early-stage founder",
        "semantic_scores": {
          "Early-stage founder": 13.38,
          "AI researcher": 6.67,
          "AI operator": 2.88,
          "Angel investor": 8.77,
          "Noise/others": 0.0
        }
      },
      "posts_count": 10,
      "has_shipping_signals": false,
      "shipping_keywords": [],
      "extracted_links": [],
      "discovered_at": "2026-02-19T12:18:11.736363",
      "source_topic": "database_import"
    },
    {
      "rank": 2,
      "handle": "opspawn",
      "display_name": null,
      "bio": "AI-first dev studio. Open-source tools & infra for LLM agents.\nBuilding the infrastructure of autonomy. \ud83d\udee0\ufe0f",
      "profile_url": "https://x.com/opspawn",
      "followers_count": null,
      "following_count": null,
      "tweet_count": null,
      "verified": false,
      "location": null,
      "website": null,
      "last_active": "2026-02-19T12:18:11.668937",
      "last_active_str": null,
      "days_since_active": 0,
      "signal_strength": 55.5,
      "score_breakdown": {
        "llm_eval": 26.0,
        "llm_reasoning": "Profile demonstrates strong technical execution with autonomous AI agents building real infrastructure (Hedera agent marketplace, kagent contributions), showing deep integration of LLM agents with blockchain standards and Kubernetes platforms. However, lacks traditional entrepreneurial signals like user traction, website, or community engagement, and activity appears focused on hackathon participation rather than sustained product development.",
        "semantic": 11.5,
        "technical": 13.5,
        "technical_keywords": [
          "llm",
          "ai agent",
          "ai agents",
          "api",
          "open source",
          "python",
          "building",
          "shipped",
          "platform",
          "tool",
          "data"
        ],
        "tweet_engagement": 2,
        "links": 0.0,
        "profile_completeness": 2.5
      },
      "classification": {
        "llm_category": "Early-stage founder",
        "llm_confidence": 0.85,
        "llm_reasoning": "The profile describes an 'AI-first dev studio' building open-source tools and infrastructure for LLM agents, with clear product development activity including shipping code for Hedera agent marketplaces, contributing to kagent platform, and launching a pay-per-use API service. While lacking traditional traction signals like followers or website, the consistent shipping of functional products, hackathon participation, and infrastructure-building focus align with early-stage founder activity rather than pure research, operations, or investment roles.",
        "semantic_top_category": "Early-stage founder",
        "semantic_scores": {
          "Early-stage founder": 11.46,
          "AI researcher": 0.0,
          "AI operator": 7.0,
          "Angel investor": 0.44,
          "Noise/others": 0.0
        }
      },
      "posts_count": 10,
      "has_shipping_signals": false,
      "shipping_keywords": [],
      "extracted_links": [],
      "discovered_at": "2026-02-19T12:18:11.668937",
      "source_topic": "database_import"
    },
    {
      "rank": 3,
      "handle": "prakashd88",
      "display_name": null,
      "bio": "Building and Leading Qbtrix Innovations | https://t.co/SZucEv8oWi. I design and build products that minimize effort and maximize happiness.",
      "profile_url": "https://x.com/prakashd88",
      "followers_count": null,
      "following_count": null,
      "tweet_count": null,
      "verified": false,
      "location": null,
      "website": null,
      "last_active": "2026-02-19T12:18:11.632353",
      "last_active_str": null,
      "days_since_active": 0,
      "signal_strength": 47.0,
      "score_breakdown": {
        "llm_eval": 22.0,
        "llm_reasoning": "Profile shows strong evidence of actively building and shipping an open-source, self-hosted AI agent platform (PocketPaw) with clear technical design decisions around security and UX. Demonstrates entrepreneurial launch activity and community contribution via open-source code and support, but lacks broader engagement signals (followers, detailed technical discourse) and a more established track record.",
        "semantic": 8.5,
        "technical": 12.0,
        "technical_keywords": [
          "llm",
          "ai agent",
          "docker",
          "open source",
          "github",
          "pip install",
          "rust",
          "building",
          "product",
          "platform",
          "tool"
        ],
        "tweet_engagement": 2,
        "links": 0.0,
        "profile_completeness": 2.5
      },
      "classification": {
        "llm_category": "Early-stage founder",
        "llm_confidence": 0.95,
        "llm_reasoning": "The profile shows clear entrepreneurial activity with active development and launch of PocketPaw, an open-source AI agent platform, including shipping code, addressing user issues, and focusing on product design and user experience. The bio emphasizes building products and leadership at Qbtrix Innovations, while posts demonstrate hands-on technical development, community support, and go-to-market efforts typical of early-stage founders.",
        "semantic_top_category": "Early-stage founder",
        "semantic_scores": {
          "Early-stage founder": 7.64,
          "AI researcher": 3.33,
          "AI operator": 3.7,
          "Angel investor": 0.0,
          "Noise/others": 0.0
        }
      },
      "posts_count": 10,
      "has_shipping_signals": false,
      "shipping_keywords": [],
      "extracted_links": [],
      "discovered_at": "2026-02-19T12:18:11.632353",
      "source_topic": "database_import"
    },
    {
      "rank": 4,
      "handle": "ali__bassam",
      "display_name": null,
      "bio": "Navigating AI before it navigates me",
      "profile_url": "https://x.com/ali__bassam",
      "followers_count": null,
      "following_count": null,
      "tweet_count": null,
      "verified": false,
      "location": null,
      "website": null,
      "last_active": "2026-02-19T12:18:11.705171",
      "last_active_str": null,
      "days_since_active": 0,
      "signal_strength": 31.0,
      "score_breakdown": {
        "llm_eval": 8.0,
        "llm_reasoning": "The profile shows strong analytical thinking about AI adoption, security, and business implications, but lacks direct evidence of building, technical implementation details, or community contributions. Recent activity is consistent and thoughtful, but focused on commentary rather than creation or shipping.",
        "semantic": 6.5,
        "technical": 12.0,
        "technical_keywords": [
          "gpt",
          "ai agent",
          "openai",
          "chatbot",
          "rust",
          "founder",
          "shipped",
          "product",
          "tool"
        ],
        "tweet_engagement": 2,
        "links": 0.0,
        "profile_completeness": 2.5
      },
      "classification": {
        "llm_category": "Noise/others",
        "llm_confidence": 0.75,
        "llm_reasoning": "The profile lacks direct evidence of building a product (founder), conducting research (researcher), deploying systems (operator), or investing (angel). The posts are insightful commentary on AI trends, startups, and tech, but they reflect an observer or commentator role rather than active participation in the defined professional categories.",
        "semantic_top_category": "Early-stage founder",
        "semantic_scores": {
          "Early-stage founder": 14.97,
          "AI researcher": 0.0,
          "AI operator": 4.94,
          "Angel investor": 4.39,
          "Noise/others": 0.0
        }
      },
      "posts_count": 10,
      "has_shipping_signals": false,
      "shipping_keywords": [],
      "extracted_links": [],
      "discovered_at": "2026-02-19T12:18:11.705171",
      "source_topic": "database_import"
    },
    {
      "rank": 5,
      "handle": "KotgReal",
      "display_name": null,
      "bio": "",
      "profile_url": "https://x.com/KotgReal",
      "followers_count": null,
      "following_count": null,
      "tweet_count": null,
      "verified": false,
      "location": null,
      "website": null,
      "last_active": "2026-02-19T12:18:11.023719",
      "last_active_str": null,
      "days_since_active": 0,
      "signal_strength": 23.0,
      "score_breakdown": {
        "llm_eval": 6.0,
        "llm_reasoning": "The profile presents as an AI agent ('K0tg') built on 'OpenClaw' and claims to be learning in public and hunting for tech models, which shows conceptual engagement with AI agency. However, there is no demonstrable evidence of shipped products, technical depth in models/frameworks, entrepreneurial execution, or community contributions; the posts are declarative and lack substantive technical detail or output. The activity is very recent but consists of introductory statements rather than verifiable building or research work.",
        "semantic": 7.0,
        "technical": 8.0,
        "technical_keywords": [
          "rag",
          "ai agent",
          "gpu",
          "building"
        ],
        "tweet_engagement": 1,
        "links": 0.0,
        "profile_completeness": 1
      },
      "classification": {
        "llm_category": "Noise/others",
        "llm_confidence": 0.85,
        "llm_reasoning": "The profile presents as an AI agent persona with declarative statements about building and learning, but lacks any verifiable evidence of actual product development, technical research, operational work, or investment activity. The posts contain introductory announcements, promotional codes for an agent marketplace, and unrelated geopolitical content, but no substantive technical output, shipped products, or professional signals that would align with the other defined categories.",
        "semantic_top_category": "Early-stage founder",
        "semantic_scores": {
          "Early-stage founder": 5.73,
          "AI researcher": 3.67,
          "AI operator": 0.41,
          "Angel investor": 4.82,
          "Noise/others": 0.0
        }
      },
      "posts_count": 7,
      "has_shipping_signals": false,
      "shipping_keywords": [],
      "extracted_links": [],
      "discovered_at": "2026-02-19T12:18:11.023719",
      "source_topic": "database_import"
    }
  ]
}