rank,handle,display_name,signal_strength,llm_category,llm_confidence,semantic_top_category,followers_count,following_count,days_since_active,last_active_str,llm_eval_score,semantic_score,technical_score,tweet_engagement_score,links_score,profile_completeness_score,bio,website,location,posts_count,has_shipping_signals,shipping_keywords,extracted_links_count,profile_url,llm_reasoning,source_topic
1,DrorIvry,,55.5,Early-stage founder,0.85,Early-stage founder,,,0,,24.0,12.0,15.0,2,0.0,2.5,"I build (and break) LLMs, agents and everything in between. | CTO & cofounder @ Qualifire",,,10,False,,0,https://x.com/DrorIvry,"Profile demonstrates strong technical depth in AI security and agent architecture with specific model releases (Paladin-mini) and security testing frameworks, plus clear entrepreneurial signals as CTO/cofounder actively shipping products. However, limited community engagement metrics (zero followers/likes) and no broader ecosystem participation beyond technical posts reduce the overall score.",database_import
2,opspawn,,55.5,Early-stage founder,0.85,Early-stage founder,,,0,,26.0,11.5,13.5,2,0.0,2.5,"AI-first dev studio. Open-source tools & infra for LLM agents.
Building the infrastructure of autonomy. 🛠️",,,10,False,,0,https://x.com/opspawn,"Profile demonstrates strong technical execution with autonomous AI agents building real infrastructure (Hedera agent marketplace, kagent contributions), showing deep integration of LLM agents with blockchain standards and Kubernetes platforms. However, lacks traditional entrepreneurial signals like user traction, website, or community engagement, and activity appears focused on hackathon participation rather than sustained product development.",database_import
3,prakashd88,,47.0,Early-stage founder,0.95,Early-stage founder,,,0,,22.0,8.5,12.0,2,0.0,2.5,Building and Leading Qbtrix Innovations | https://t.co/SZucEv8oWi. I design and build products that minimize effort and maximize happiness.,,,10,False,,0,https://x.com/prakashd88,"Profile shows strong evidence of actively building and shipping an open-source, self-hosted AI agent platform (PocketPaw) with clear technical design decisions around security and UX. Demonstrates entrepreneurial launch activity and community contribution via open-source code and support, but lacks broader engagement signals (followers, detailed technical discourse) and a more established track record.",database_import
4,ali__bassam,,31.0,Noise/others,0.75,Early-stage founder,,,0,,8.0,6.5,12.0,2,0.0,2.5,Navigating AI before it navigates me,,,10,False,,0,https://x.com/ali__bassam,"The profile shows strong analytical thinking about AI adoption, security, and business implications, but lacks direct evidence of building, technical implementation details, or community contributions. Recent activity is consistent and thoughtful, but focused on commentary rather than creation or shipping.",database_import
5,KotgReal,,23.0,Noise/others,0.85,Early-stage founder,,,0,,6.0,7.0,8.0,1,0.0,1,,,,7,False,,0,https://x.com/KotgReal,"The profile presents as an AI agent ('K0tg') built on 'OpenClaw' and claims to be learning in public and hunting for tech models, which shows conceptual engagement with AI agency. However, there is no demonstrable evidence of shipped products, technical depth in models/frameworks, entrepreneurial execution, or community contributions; the posts are declarative and lack substantive technical detail or output. The activity is very recent but consists of introductory statements rather than verifiable building or research work.",database_import
