{
  "profiles": {
    "KellyMasonnn": {
      "stages": {
        "mined": "2026-02-19T20:14:41.244152",
        "enriched": "2026-02-19T20:54:40.167093",
        "filtered": "2026-02-19T23:02:03.508130"
      }
    },
    "mock_ai_builder": {
      "stages": {
        "mined": "2026-02-19T20:14:41.248715",
        "enriched": "2026-02-19T20:54:40.169243"
      }
    },
    "mock_fc_builder": {
      "stages": {
        "mined": "2026-02-19T20:14:41.251630",
        "enriched": "2026-02-19T21:00:07.741405"
      }
    },
    "pockethero459": {
      "stages": {
        "mined": "2026-02-19T20:14:41.255004",
        "enriched": "2026-02-19T21:00:07.744106",
        "filtered": "2026-02-19T23:02:03.509980"
      }
    },
    "MatthewHou8989": {
      "stages": {
        "mined": "2026-02-19T20:14:41.261330",
        "enriched": "2026-02-19T20:54:40.171709",
        "filtered": "2026-02-19T23:02:03.511886"
      }
    },
    "prolificVA": {
      "stages": {
        "mined": "2026-02-19T20:14:41.265256",
        "enriched": "2026-02-19T21:01:40.096175",
        "filtered": "2026-02-19T23:02:03.513811"
      }
    },
    "LemonDatacc": {
      "stages": {
        "mined": "2026-02-19T20:14:41.268202",
        "enriched": "2026-02-19T21:07:12.315038",
        "filtered": "2026-02-19T23:02:03.515870"
      }
    },
    "nwp": {
      "stages": {
        "mined": "2026-02-19T20:14:41.272631",
        "enriched": "2026-02-19T21:07:12.317620",
        "filtered": "2026-02-19T23:02:03.518009"
      }
    },
    "MetaGorgonite": {
      "stages": {
        "mined": "2026-02-19T20:14:41.278388",
        "enriched": "2026-02-19T21:13:50.954588"
      }
    },
    "Topic751167": {
      "stages": {
        "mined": "2026-02-19T20:14:41.282004",
        "enriched": "2026-02-19T22:14:29.897585",
        "filtered": "2026-02-19T23:02:03.519847"
      }
    },
    "0xLimon_Cr": {
      "stages": {
        "mined": "2026-02-19T20:14:41.287983",
        "enriched": "2026-02-19T22:14:29.902674",
        "filtered": "2026-02-19T23:02:03.521866"
      }
    },
    "CodequityOrg": {
      "stages": {
        "mined": "2026-02-19T20:14:41.293078",
        "enriched": "2026-02-19T22:14:29.905960",
        "filtered": "2026-02-19T23:02:03.523682"
      }
    },
    "ShafanKhan_": {
      "stages": {
        "mined": "2026-02-19T20:14:41.296906",
        "enriched": "2026-02-19T22:14:29.908274",
        "filtered": "2026-02-19T23:02:03.525480"
      }
    },
    "AithonTech": {
      "stages": {
        "mined": "2026-02-19T20:14:41.301057",
        "enriched": "2026-02-19T22:14:29.911028",
        "filtered": "2026-02-19T23:02:03.527282"
      }
    },
    "iamshah35": {
      "stages": {
        "mined": "2026-02-19T20:14:41.305897",
        "enriched": "2026-02-19T22:14:29.912920",
        "filtered": "2026-02-19T23:02:03.529086"
      }
    },
    "HybridMafia99": {
      "stages": {
        "mined": "2026-02-19T20:14:41.309884",
        "enriched": "2026-02-19T22:14:29.915147",
        "filtered": "2026-02-19T23:02:03.531129"
      }
    },
    "anyasharma1122": {
      "stages": {
        "mined": "2026-02-19T20:14:41.313241",
        "enriched": "2026-02-19T22:14:29.917499",
        "filtered": "2026-02-19T23:02:03.532911"
      }
    },
    "thepinklily69": {
      "stages": {
        "mined": "2026-02-19T20:14:41.317575",
        "enriched": "2026-02-19T22:14:29.920366",
        "filtered": "2026-02-19T23:02:03.534769"
      }
    },
    "AIRevoltHQ": {
      "stages": {
        "mined": "2026-02-19T20:14:41.323020",
        "enriched": "2026-02-19T22:14:29.922892",
        "filtered": "2026-02-19T23:02:03.536640"
      }
    },
    "PainKillerGSV": {
      "stages": {
        "mined": "2026-02-19T20:14:41.327064",
        "enriched": "2026-02-19T22:14:29.925148",
        "filtered": "2026-02-19T23:02:03.538539"
      }
    },
    "JoeAbbud": {
      "stages": {
        "mined": "2026-02-19T20:14:41.330593",
        "enriched": "2026-02-19T22:14:29.927280",
        "filtered": "2026-02-19T23:02:03.540387"
      }
    },
    "sahitechs": {
      "stages": {
        "mined": "2026-02-19T20:14:41.334311",
        "enriched": "2026-02-19T22:14:29.929654",
        "filtered": "2026-02-19T23:02:03.542246"
      }
    },
    "Tunah_h": {
      "stages": {
        "mined": "2026-02-19T20:14:41.339309",
        "enriched": "2026-02-19T22:14:29.931613"
      }
    },
    "QuarkusIO": {
      "stages": {
        "mined": "2026-02-19T20:14:41.342586",
        "enriched": "2026-02-19T22:14:29.934172"
      }
    },
    "novaisabuilder": {
      "stages": {
        "mined": "2026-02-19T20:14:41.346264",
        "enriched": "2026-02-19T22:14:29.936342",
        "filtered": "2026-02-19T23:02:03.544062"
      }
    },
    "jion_rockford": {
      "stages": {
        "mined": "2026-02-19T20:14:41.351775",
        "enriched": "2026-02-19T22:14:29.938675",
        "filtered": "2026-02-19T23:02:03.545881"
      }
    },
    "_sigmaX_": {
      "stages": {
        "mined": "2026-02-19T20:14:41.357095",
        "enriched": "2026-02-19T22:14:29.941755"
      }
    },
    "thehauscouch": {
      "stages": {
        "mined": "2026-02-19T20:14:41.360959",
        "enriched": "2026-02-19T22:14:29.944062",
        "filtered": "2026-02-19T23:02:03.547892"
      }
    },
    "IshSookun": {
      "stages": {
        "mined": "2026-02-19T20:14:41.365144",
        "enriched": "2026-02-19T22:14:29.946280"
      }
    },
    "MAXPSYCHO300": {
      "stages": {
        "mined": "2026-02-19T20:14:41.370769",
        "enriched": "2026-02-19T22:14:29.948315",
        "filtered": "2026-02-19T23:02:03.549768"
      }
    },
    "test_user_13a587": {
      "stages": {
        "mined": "2026-02-19T20:14:41.373669",
        "enriched": "2026-02-19T22:14:29.950667"
      }
    },
    "clawcity_app": {
      "stages": {
        "mined": "2026-02-19T20:14:41.376967",
        "enriched": "2026-02-19T22:14:29.952780",
        "filtered": "2026-02-19T23:02:03.551631"
      }
    },
    "ADCDIII": {
      "stages": {
        "mined": "2026-02-19T20:14:41.381013",
        "enriched": "2026-02-19T22:14:29.954960",
        "filtered": "2026-02-19T23:02:03.553536"
      }
    },
    "XREVOemag": {
      "stages": {
        "mined": "2026-02-19T20:14:41.385106",
        "enriched": "2026-02-19T22:14:29.956908",
        "filtered": "2026-02-19T23:02:03.555856"
      }
    },
    "kevinyunai": {
      "stages": {
        "mined": "2026-02-19T20:14:41.387991",
        "enriched": "2026-02-19T22:14:29.958877",
        "filtered": "2026-02-19T23:02:03.557795"
      }
    },
    "kite_pong": {
      "stages": {
        "mined": "2026-02-19T20:14:41.390855",
        "enriched": "2026-02-19T22:14:29.960945",
        "filtered": "2026-02-19T23:02:03.559557"
      }
    },
    "JoeBeOne": {
      "stages": {
        "mined": "2026-02-19T20:14:41.396681",
        "enriched": "2026-02-19T22:14:29.963349",
        "filtered": "2026-02-19T23:02:03.561436"
      }
    },
    "IngMende3988": {
      "stages": {
        "mined": "2026-02-19T20:14:41.402443",
        "enriched": "2026-02-19T22:14:29.967045",
        "filtered": "2026-02-19T23:02:03.563287"
      }
    },
    "firozkhxn_": {
      "stages": {
        "mined": "2026-02-19T20:14:41.407040",
        "enriched": "2026-02-19T22:14:29.969098",
        "filtered": "2026-02-19T23:02:03.565263"
      }
    },
    "Vectorizeio": {
      "stages": {
        "mined": "2026-02-19T20:14:41.416751"
      }
    },
    "realschism": {
      "stages": {
        "mined": "2026-02-19T20:14:41.422512"
      }
    },
    "D_Huncho1": {
      "stages": {
        "mined": "2026-02-19T20:14:41.426937"
      }
    },
    "zephyraalpha": {
      "stages": {
        "mined": "2026-02-19T20:14:41.431770"
      }
    },
    "rogozavika9": {
      "stages": {
        "mined": "2026-02-19T20:14:41.434995"
      }
    },
    "krtk_twt": {
      "stages": {
        "mined": "2026-02-19T20:14:41.438012"
      }
    },
    "AlfredLH_": {
      "stages": {
        "mined": "2026-02-19T20:14:41.442465"
      }
    },
    "NathanWilbanks_": {
      "stages": {
        "mined": "2026-02-19T20:14:41.446984"
      }
    },
    "TheDevBuilder_": {
      "stages": {
        "mined": "2026-02-19T20:14:41.450347"
      }
    },
    "jvrXresources": {
      "stages": {
        "mined": "2026-02-19T20:14:41.456140"
      }
    },
    "itsdanreeves": {
      "stages": {
        "mined": "2026-02-19T20:14:41.461563"
      }
    },
    "thinklazarus": {
      "stages": {
        "mined": "2026-02-19T20:14:41.465411"
      }
    },
    "AndersonAndrue": {
      "stages": {
        "mined": "2026-02-19T20:14:41.468686"
      }
    },
    "MrOnsase": {
      "stages": {
        "mined": "2026-02-19T20:14:41.476412"
      }
    },
    "kdnuggets": {
      "stages": {
        "mined": "2026-02-19T20:14:41.480241"
      }
    },
    "amirhos69369384": {
      "stages": {
        "mined": "2026-02-19T20:14:41.483518"
      }
    },
    "KotgReal": {
      "stages": {
        "mined": "2026-02-19T20:14:41.490994",
        "enriched": "2026-02-19T20:14:41.491726",
        "filtered": "2026-02-19T23:02:03.476273",
        "scored": "2026-02-19T23:04:57.923592",
        "classified": "2026-02-19T23:07:08.919141",
        "exported": "2026-02-19T23:08:13.997822"
      }
    },
    "DrorIvry": {
      "stages": {
        "mined": "2026-02-19T20:14:41.497495",
        "enriched": "2026-02-19T20:14:41.498150",
        "filtered": "2026-02-19T23:02:03.478527",
        "scored": "2026-02-19T23:05:10.847151",
        "classified": "2026-02-19T23:06:16.744052",
        "exported": "2026-02-19T23:08:13.989956"
      }
    },
    "ali__bassam": {
      "stages": {
        "mined": "2026-02-19T20:14:41.504720",
        "enriched": "2026-02-19T20:14:41.505404",
        "filtered": "2026-02-19T23:02:03.480325",
        "scored": "2026-02-19T23:05:23.483127",
        "classified": "2026-02-19T23:06:55.731473",
        "exported": "2026-02-19T23:08:13.995844"
      }
    },
    "opspawn": {
      "stages": {
        "mined": "2026-02-19T20:14:41.511146",
        "enriched": "2026-02-19T20:14:41.511763",
        "filtered": "2026-02-19T23:02:03.482198",
        "scored": "2026-02-19T23:05:36.658970",
        "classified": "2026-02-19T23:06:30.190397",
        "exported": "2026-02-19T23:08:13.991976"
      }
    },
    "prakashd88": {
      "stages": {
        "mined": "2026-02-19T20:14:41.517937",
        "enriched": "2026-02-19T20:14:41.518642",
        "filtered": "2026-02-19T23:02:03.484064",
        "scored": "2026-02-19T23:05:49.408690",
        "classified": "2026-02-19T23:06:43.106095",
        "exported": "2026-02-19T23:08:13.993956"
      }
    },
    "Sparky_AI0": {
      "stages": {
        "mined": "2026-02-19T20:14:41.524029"
      }
    },
    "ArtificeSec": {
      "stages": {
        "mined": "2026-02-19T20:14:41.529937",
        "enriched": "2026-02-19T20:14:41.530772",
        "filtered": "2026-02-19T23:02:03.485963"
      }
    },
    "VenelinVidenov": {
      "stages": {
        "mined": "2026-02-19T20:14:41.539271",
        "enriched": "2026-02-19T20:14:41.539907",
        "filtered": "2026-02-19T23:02:03.487783"
      }
    },
    "RoryCrave": {
      "stages": {
        "mined": "2026-02-19T20:14:41.546091",
        "enriched": "2026-02-19T20:14:41.546722",
        "filtered": "2026-02-19T23:02:03.489506"
      }
    },
    "MOHITCHOUD10000": {
      "stages": {
        "mined": "2026-02-19T20:14:41.553442"
      }
    },
    "thehardellojr": {
      "stages": {
        "mined": "2026-02-19T20:14:41.558797",
        "enriched": "2026-02-19T20:14:41.559446",
        "filtered": "2026-02-19T23:02:03.491349"
      }
    },
    "HaoTensei": {
      "stages": {
        "mined": "2026-02-19T20:14:41.563402"
      }
    },
    "Voxeura": {
      "stages": {
        "mined": "2026-02-19T20:14:41.569991",
        "enriched": "2026-02-19T20:14:41.570678",
        "filtered": "2026-02-19T23:02:03.493109"
      }
    },
    "andree_col88025": {
      "stages": {
        "mined": "2026-02-19T20:14:41.574331"
      }
    },
    "JuarezAmy14818": {
      "stages": {
        "mined": "2026-02-19T20:14:41.578362"
      }
    },
    "Marcelthom10456": {
      "stages": {
        "mined": "2026-02-19T20:14:41.583255"
      }
    },
    "mosiddi": {
      "stages": {
        "mined": "2026-02-19T20:14:41.587382"
      }
    },
    "TechBlitzHQ": {
      "stages": {
        "mined": "2026-02-19T20:14:41.590989"
      }
    },
    "jacob_posel": {
      "stages": {
        "mined": "2026-02-19T20:14:41.595462"
      }
    },
    "rocklegendary": {
      "stages": {
        "mined": "2026-02-19T20:14:41.599987"
      }
    },
    "Freyabuilds": {
      "stages": {
        "mined": "2026-02-19T20:14:41.602985"
      }
    },
    "sai_vishwak_k": {
      "stages": {
        "mined": "2026-02-19T20:14:41.605724"
      }
    },
    "jerryjliu0": {
      "stages": {
        "mined": "2026-02-19T20:14:41.609114"
      }
    },
    "codewithimanshu": {
      "stages": {
        "mined": "2026-02-19T20:14:41.615023"
      }
    },
    "GitMaxd": {
      "stages": {
        "mined": "2026-02-19T20:14:41.618327"
      }
    },
    "masondrxy": {
      "stages": {
        "mined": "2026-02-19T20:14:41.621422"
      }
    },
    "Anurag_panwar1": {
      "stages": {
        "mined": "2026-02-19T20:14:41.624508"
      }
    },
    "matthew_brunken": {
      "stages": {
        "mined": "2026-02-19T20:14:41.630538"
      }
    },
    "grok": {
      "stages": {
        "mined": "2026-02-19T20:14:41.633683"
      }
    },
    "eng_ahmedsayed": {
      "stages": {
        "mined": "2026-02-19T20:14:41.636691"
      }
    },
    "ZahirHamroune": {
      "stages": {
        "mined": "2026-02-19T20:14:41.639555"
      }
    },
    "Watchingupost": {
      "stages": {
        "mined": "2026-02-19T20:14:41.645281"
      }
    },
    "ToolUsePodcast": {
      "stages": {
        "mined": "2026-02-19T20:14:41.649304"
      }
    },
    "agents_eco": {
      "stages": {
        "mined": "2026-02-19T20:14:41.652429"
      }
    },
    "HowolarbyM": {
      "stages": {
        "mined": "2026-02-19T20:14:41.655333"
      }
    },
    "aiwire_x": {
      "stages": {
        "mined": "2026-02-19T20:14:41.660241"
      }
    },
    "eMeRiKa": {
      "stages": {
        "mined": "2026-02-19T20:14:41.664719"
      }
    },
    "sassysanket": {
      "stages": {
        "mined": "2026-02-19T20:14:41.668206"
      }
    },
    "pinecone": {
      "stages": {
        "mined": "2026-02-19T20:14:41.671232"
      }
    },
    "supana74": {
      "stages": {
        "mined": "2026-02-19T20:14:41.675585"
      }
    },
    "Snehalxmode": {
      "stages": {
        "mined": "2026-02-19T20:14:41.679479"
      }
    },
    "lmbrendle": {
      "stages": {
        "mined": "2026-02-19T20:14:41.682546"
      }
    },
    "dhaivat00": {
      "stages": {
        "mined": "2026-02-19T20:14:41.685459"
      }
    },
    "Joydutta68": {
      "stages": {
        "mined": "2026-02-19T20:14:41.689122"
      }
    },
    "ZuluetaBeau": {
      "stages": {
        "mined": "2026-02-19T20:14:41.694182"
      }
    },
    "renanccastro": {
      "stages": {
        "mined": "2026-02-19T20:14:41.697358"
      }
    },
    "GregKara6": {
      "stages": {
        "mined": "2026-02-19T20:14:41.700953"
      }
    },
    "hackernoon": {
      "stages": {
        "mined": "2026-02-19T20:14:41.704760"
      }
    },
    "Srikarpurijala4": {
      "stages": {
        "mined": "2026-02-19T20:14:41.709587"
      }
    },
    "AustenMakers": {
      "stages": {
        "mined": "2026-02-19T20:14:41.712980"
      }
    },
    "neuralneta": {
      "stages": {
        "mined": "2026-02-19T20:14:41.716121"
      }
    },
    "iam_TahaShaikh": {
      "stages": {
        "mined": "2026-02-19T20:14:41.719935"
      }
    },
    "Luckynavs24": {
      "stages": {
        "mined": "2026-02-19T20:14:41.724496"
      }
    },
    "positivexll": {
      "stages": {
        "mined": "2026-02-19T20:14:41.728138"
      }
    },
    "blackpearl60047": {
      "stages": {
        "mined": "2026-02-19T20:14:41.731212"
      }
    },
    "0xPotato_13": {
      "stages": {
        "mined": "2026-02-19T20:14:41.736394"
      }
    },
    "nirajhodler": {
      "stages": {
        "mined": "2026-02-19T20:14:41.740639"
      }
    },
    "JulianGoldieSEO": {
      "stages": {
        "mined": "2026-02-19T20:14:41.744790"
      }
    },
    "Sam777666777": {
      "stages": {
        "mined": "2026-02-19T20:14:41.747691"
      }
    },
    "CricketFootbol": {
      "stages": {
        "mined": "2026-02-19T20:14:41.752367"
      }
    },
    "phymac_": {
      "stages": {
        "mined": "2026-02-19T20:14:41.756037"
      }
    },
    "LanYunfeng64": {
      "stages": {
        "mined": "2026-02-19T20:14:41.759341"
      }
    },
    "martin_casado": {
      "stages": {
        "mined": "2026-02-19T20:14:41.762784"
      }
    },
    "ShortSpanAI": {
      "stages": {
        "mined": "2026-02-19T20:14:41.768592"
      }
    },
    "saxxhii_": {
      "stages": {
        "mined": "2026-02-19T20:14:41.772282"
      }
    },
    "tight_studio": {
      "stages": {
        "mined": "2026-02-19T20:14:41.775671"
      }
    },
    "browsertotal": {
      "stages": {
        "mined": "2026-02-19T20:14:41.779750"
      }
    },
    "tapansharma04": {
      "stages": {
        "mined": "2026-02-19T20:14:41.783053"
      }
    },
    "ChambokoIg57202": {
      "stages": {
        "mined": "2026-02-19T20:14:41.786048"
      }
    },
    "Kaizou_Bhuvi_17": {
      "stages": {
        "mined": "2026-02-19T20:14:41.789043"
      }
    },
    "francescpicc": {
      "stages": {
        "mined": "2026-02-19T20:14:41.792573"
      }
    },
    "shiplogger": {
      "stages": {
        "mined": "2026-02-19T20:14:41.797484"
      }
    },
    "piaigmt": {
      "stages": {
        "mined": "2026-02-19T20:14:41.802224"
      }
    },
    "PythonPr": {
      "stages": {
        "mined": "2026-02-19T20:14:41.805456"
      }
    },
    "JPISTOL22": {
      "stages": {
        "mined": "2026-02-19T20:14:41.808707"
      }
    },
    "laChromatique": {
      "stages": {
        "mined": "2026-02-19T20:14:41.812396"
      }
    },
    "justin_milmb": {
      "stages": {
        "mined": "2026-02-19T20:14:41.815517"
      }
    },
    "Ayushi_sharma02": {
      "stages": {
        "mined": "2026-02-19T20:14:41.818777"
      }
    },
    "ds_nana_": {
      "stages": {
        "mined": "2026-02-19T20:14:41.822281"
      }
    },
    "GunhildHen": {
      "stages": {
        "mined": "2026-02-19T20:14:41.827498"
      }
    },
    "CodeAndFutbol": {
      "stages": {
        "mined": "2026-02-19T20:14:41.833035"
      }
    },
    "BiggenBlum17593": {
      "stages": {
        "mined": "2026-02-19T20:14:41.839180"
      }
    },
    "BscZahn92879": {
      "stages": {
        "mined": "2026-02-19T20:14:41.845255"
      }
    },
    "CalebisGross": {
      "stages": {
        "mined": "2026-02-19T20:14:41.849251"
      }
    },
    "FrauSenta92021": {
      "stages": {
        "mined": "2026-02-19T20:14:41.853694"
      }
    },
    "aionlinecourse": {
      "stages": {
        "mined": "2026-02-19T20:14:41.861779"
      }
    },
    "HostingJournal": {
      "stages": {
        "mined": "2026-02-19T20:14:41.866285"
      }
    },
    "venture_ai_labs": {
      "stages": {
        "mined": "2026-02-19T20:14:41.870033"
      }
    },
    "clevakev": {
      "stages": {
        "mined": "2026-02-19T20:14:41.874322"
      }
    },
    "i_am_agbeke": {
      "stages": {
        "mined": "2026-02-19T20:14:41.879348"
      }
    },
    "surajpatel_1": {
      "stages": {
        "mined": "2026-02-19T20:14:41.882697"
      }
    },
    "tonhogon": {
      "stages": {
        "mined": "2026-02-19T20:14:41.886016"
      }
    },
    "sadik_xyz": {
      "stages": {
        "mined": "2026-02-19T20:14:41.890894"
      }
    },
    "WalnutJobs": {
      "stages": {
        "mined": "2026-02-19T20:14:41.895679"
      }
    },
    "aryann_dev": {
      "stages": {
        "mined": "2026-02-19T20:14:41.899129"
      }
    },
    "recursenet": {
      "stages": {
        "mined": "2026-02-19T20:14:41.904006"
      }
    },
    "RSOXART": {
      "stages": {
        "mined": "2026-02-19T20:14:41.909204"
      }
    },
    "cowl_updates": {
      "stages": {
        "mined": "2026-02-19T20:14:41.913605"
      }
    },
    "mcpark": {
      "stages": {
        "mined": "2026-02-19T20:14:41.918856"
      }
    },
    "maxrobbins": {
      "stages": {
        "mined": "2026-02-19T20:14:41.924306"
      }
    },
    "GBDallaRizza": {
      "stages": {
        "mined": "2026-02-19T20:14:41.928614"
      }
    },
    "Kaperskyguru": {
      "stages": {
        "mined": "2026-02-19T20:14:41.932341"
      }
    },
    "AbdoulCrypto_": {
      "stages": {
        "mined": "2026-02-19T20:14:41.939470"
      }
    },
    "ErnestPresident": {
      "stages": {
        "mined": "2026-02-19T20:14:41.944304"
      }
    },
    "AdibaIqbalSidd1": {
      "stages": {
        "mined": "2026-02-19T20:14:41.948678"
      }
    },
    "saen_dev": {
      "stages": {
        "mined": "2026-02-19T20:14:41.954216"
      }
    },
    "cryptometic1": {
      "stages": {
        "mined": "2026-02-19T20:14:41.957737"
      }
    },
    "tirakact": {
      "stages": {
        "mined": "2026-02-19T20:14:41.961629"
      }
    },
    "ContentIsHot": {
      "stages": {
        "mined": "2026-02-19T20:14:41.966397"
      }
    },
    "SniperSearch_AI": {
      "stages": {
        "mined": "2026-02-19T20:14:41.970551"
      }
    },
    "asfahim1451": {
      "stages": {
        "mined": "2026-02-19T20:14:41.974113"
      }
    },
    "DataChaz": {
      "stages": {
        "mined": "2026-02-19T20:14:41.978933"
      }
    },
    "brunoeducsant": {
      "stages": {
        "mined": "2026-02-19T20:14:41.983973"
      }
    },
    "mukut_mb": {
      "stages": {
        "mined": "2026-02-19T20:14:41.987571"
      }
    },
    "JagersbergKnut": {
      "stages": {
        "mined": "2026-02-19T20:14:41.991016"
      }
    },
    "soumyadeepb_": {
      "stages": {
        "mined": "2026-02-19T20:14:41.996475"
      }
    },
    "plutoemas": {
      "stages": {
        "mined": "2026-02-19T20:14:42.001353"
      }
    },
    "ZacharyBamberg1": {
      "stages": {
        "mined": "2026-02-19T20:14:42.004881"
      }
    },
    "OpenMed_AI": {
      "stages": {
        "mined": "2026-02-19T20:14:42.008211"
      }
    },
    "MaziyarPanahi": {
      "stages": {
        "mined": "2026-02-19T20:14:42.014574"
      }
    },
    "gp_pulipaka": {
      "stages": {
        "mined": "2026-02-19T20:14:42.018434"
      }
    },
    "ClemenceMa18535": {
      "stages": {
        "mined": "2026-02-19T20:14:42.021963"
      }
    },
    "xavier_guiw": {
      "stages": {
        "mined": "2026-02-19T20:14:42.026716"
      }
    },
    "ThibautPaulh": {
      "stages": {
        "mined": "2026-02-19T20:14:42.031171"
      }
    },
    "src_term": {
      "stages": {
        "mined": "2026-02-19T20:14:42.034744"
      }
    },
    "jurgen_hanih": {
      "stages": {
        "mined": "2026-02-19T20:14:42.038300"
      }
    },
    "JOestrovsktw": {
      "stages": {
        "mined": "2026-02-19T20:14:42.044629"
      }
    },
    "Emmanuelle44370": {
      "stages": {
        "mined": "2026-02-19T20:14:42.048873"
      }
    },
    "ring_timoc": {
      "stages": {
        "mined": "2026-02-19T20:14:42.052537"
      }
    },
    "vinay_singh97": {
      "stages": {
        "mined": "2026-02-19T20:14:42.058918"
      }
    },
    "moneralbayor": {
      "stages": {
        "mined": "2026-02-19T20:14:42.063593"
      }
    },
    "DeltaMemory2026": {
      "stages": {
        "mined": "2026-02-19T20:14:42.066982"
      }
    },
    "youneshojatnya": {
      "stages": {
        "mined": "2026-02-19T20:14:42.071828"
      }
    },
    "JaSsiM_005": {
      "stages": {
        "mined": "2026-02-19T20:14:42.077306"
      }
    },
    "sadabon444": {
      "stages": {
        "mined": "2026-02-19T20:14:42.080989"
      }
    },
    "BrianSotop": {
      "stages": {
        "mined": "2026-02-19T20:14:42.084388"
      }
    },
    "SoludevTech": {
      "stages": {
        "mined": "2026-02-19T20:14:42.091397"
      }
    },
    "Figogecko": {
      "stages": {
        "mined": "2026-02-19T20:14:42.095542"
      }
    },
    "Techplustr89355": {
      "stages": {
        "mined": "2026-02-19T20:14:42.099001"
      }
    },
    "chaitanya_raj7": {
      "stages": {
        "mined": "2026-02-19T20:14:42.104697"
      }
    },
    "yashodipmore26": {
      "stages": {
        "mined": "2026-02-19T20:14:42.109456"
      }
    },
    "CrickTech17": {
      "stages": {
        "mined": "2026-02-19T20:14:42.113309"
      }
    },
    "devops_blog": {
      "stages": {
        "mined": "2026-02-19T20:14:42.118411"
      }
    },
    "JosephD": {
      "stages": {
        "mined": "2026-02-19T20:14:42.122656"
      }
    },
    "ZacharyByDesign": {
      "stages": {
        "mined": "2026-02-19T20:14:42.126792"
      }
    },
    "EkmJoel": {
      "stages": {
        "mined": "2026-02-19T20:14:42.131840"
      }
    },
    "0xHorseman": {
      "stages": {
        "mined": "2026-02-19T20:14:42.137158"
      }
    },
    "katjasrz": {
      "stages": {
        "mined": "2026-02-19T20:14:42.141322"
      }
    },
    "andriyand__": {
      "stages": {
        "mined": "2026-02-19T20:14:42.146100"
      }
    },
    "ShoaibAkhAnsari": {
      "stages": {
        "mined": "2026-02-19T20:14:42.152440"
      }
    },
    "3rdSon__": {
      "stages": {
        "mined": "2026-02-19T20:14:42.156278"
      }
    },
    "kartavyavimudh": {
      "stages": {
        "mined": "2026-02-19T20:14:42.161265"
      }
    },
    "Timisntreal": {
      "stages": {
        "mined": "2026-02-19T20:14:42.167359"
      }
    },
    "shipilov_vlad": {
      "stages": {
        "mined": "2026-02-19T20:14:42.171420"
      }
    },
    "RachelAysen": {
      "stages": {
        "mined": "2026-02-19T20:14:42.175801"
      }
    },
    "bigdatachads": {
      "stages": {
        "mined": "2026-02-19T20:14:42.184623"
      }
    },
    "AIAgent_Agi": {
      "stages": {
        "mined": "2026-02-19T20:14:42.191362"
      }
    },
    "inflectivAI": {
      "stages": {
        "mined": "2026-02-19T20:14:42.205850"
      }
    },
    "raahulrahl": {
      "stages": {
        "mined": "2026-02-19T20:14:42.215640"
      }
    },
    "MikeDylan56347": {
      "stages": {
        "mined": "2026-02-19T20:14:42.221346"
      }
    },
    "Agentis0": {
      "stages": {
        "mined": "2026-02-19T20:14:42.231297"
      }
    },
    "Fadaka_01": {
      "stages": {
        "mined": "2026-02-19T20:14:42.239827"
      }
    },
    "agentscore51844": {
      "stages": {
        "mined": "2026-02-19T20:14:42.246501"
      }
    },
    "BlueBeamETH": {
      "stages": {
        "mined": "2026-02-19T20:14:42.251357"
      }
    },
    "Prash7nt": {
      "stages": {
        "mined": "2026-02-19T20:14:42.261175"
      }
    },
    "AdithyaGMenon1": {
      "stages": {
        "mined": "2026-02-19T20:14:42.266416"
      }
    },
    "HuggingModels": {
      "stages": {
        "mined": "2026-02-19T20:14:42.274495",
        "enriched": "2026-02-19T20:14:42.276208",
        "filtered": "2026-02-19T23:02:03.495138"
      }
    },
    "ltarvn_55": {
      "stages": {
        "mined": "2026-02-19T20:14:42.280656"
      }
    },
    "CryptoPhoenixz": {
      "stages": {
        "mined": "2026-02-19T20:14:42.288939",
        "enriched": "2026-02-19T20:14:42.290491",
        "filtered": "2026-02-19T23:02:03.496953"
      }
    },
    "Ti_oluwaa": {
      "stages": {
        "mined": "2026-02-19T20:14:42.296779",
        "enriched": "2026-02-19T20:14:42.300370",
        "filtered": "2026-02-19T23:02:03.498716"
      }
    },
    "DDFP777": {
      "stages": {
        "mined": "2026-02-19T20:14:42.308542",
        "enriched": "2026-02-19T20:14:42.310131",
        "filtered": "2026-02-19T23:02:03.500524"
      }
    },
    "maleeky001": {
      "stages": {
        "mined": "2026-02-19T20:14:42.317227",
        "enriched": "2026-02-19T20:14:42.319057",
        "filtered": "2026-02-19T23:02:03.502285"
      }
    },
    "imrant": {
      "stages": {
        "mined": "2026-02-19T20:14:42.326023",
        "enriched": "2026-02-19T20:14:42.327747",
        "filtered": "2026-02-19T23:02:03.504120"
      }
    },
    "DrBrainio": {
      "stages": {
        "mined": "2026-02-19T20:14:42.335588",
        "enriched": "2026-02-19T20:14:42.337174",
        "filtered": "2026-02-19T23:02:03.505966"
      }
    },
    "sasurobert": {
      "stages": {
        "mined": "2026-02-19T20:44:50.328594"
      }
    },
    "dhinchcliffe": {
      "stages": {
        "mined": "2026-02-19T20:44:50.330434"
      }
    },
    "ashtom": {
      "stages": {
        "mined": "2026-02-19T20:44:50.332142"
      }
    },
    "xhfloz": {
      "stages": {
        "mined": "2026-02-19T20:44:50.333746"
      }
    },
    "windowsforum": {
      "stages": {
        "mined": "2026-02-19T20:44:50.335437"
      }
    },
    "github": {
      "stages": {
        "mined": "2026-02-19T20:44:50.337457"
      }
    },
    "pierceboggan": {
      "stages": {
        "mined": "2026-02-19T20:44:50.339449"
      }
    },
    "techday_au": {
      "stages": {
        "mined": "2026-02-19T20:44:50.341364"
      }
    },
    "devopsdotcom": {
      "stages": {
        "mined": "2026-02-19T20:44:50.343387"
      }
    },
    "wolefizzy": {
      "stages": {
        "mined": "2026-02-19T20:44:50.345054"
      }
    },
    "githubnext": {
      "stages": {
        "mined": "2026-02-19T20:44:50.346649"
      }
    },
    "thenewstack": {
      "stages": {
        "mined": "2026-02-19T20:44:50.348244"
      }
    },
    "visualstudio": {
      "stages": {
        "mined": "2026-02-19T20:44:50.350013"
      }
    },
    "datachaz": {
      "stages": {
        "mined": "2026-02-19T20:44:50.351947"
      }
    },
    "pawelkucia": {
      "stages": {
        "mined": "2026-02-19T20:44:50.353986"
      }
    },
    "lenadroid": {
      "stages": {
        "mined": "2026-02-19T20:44:50.355921"
      }
    },
    "meetahsen": {
      "stages": {
        "mined": "2026-02-19T20:44:54.309753"
      }
    },
    "taeyai_": {
      "stages": {
        "mined": "2026-02-19T20:44:54.311623"
      }
    },
    "kenhuangus": {
      "stages": {
        "mined": "2026-02-19T20:44:54.313463"
      }
    },
    "amasad": {
      "stages": {
        "mined": "2026-02-19T20:44:54.315315"
      }
    },
    "karamata2_2": {
      "stages": {
        "mined": "2026-02-19T20:44:54.317526"
      }
    },
    "armanhezarkhani": {
      "stages": {
        "mined": "2026-02-19T20:44:54.319573"
      }
    },
    "thenoahhein": {
      "stages": {
        "mined": "2026-02-19T20:44:54.321568"
      }
    },
    "saboo_shubham_": {
      "stages": {
        "mined": "2026-02-19T20:44:54.323475"
      }
    },
    "ryancarson": {
      "stages": {
        "mined": "2026-02-19T20:44:54.325256"
      }
    },
    "ganimcorey": {
      "stages": {
        "mined": "2026-02-19T20:44:54.327257"
      }
    },
    "juliangoldieseo": {
      "stages": {
        "mined": "2026-02-19T20:44:54.329389"
      }
    },
    "austin_hurwitz": {
      "stages": {
        "mined": "2026-02-19T20:44:54.332050"
      }
    },
    "towards_ai": {
      "stages": {
        "mined": "2026-02-19T20:44:54.334343"
      }
    },
    "agentintegrator": {
      "stages": {
        "mined": "2026-02-19T20:44:54.336324"
      }
    },
    "aakashgupta": {
      "stages": {
        "mined": "2026-02-19T20:44:54.338591"
      }
    },
    "milesbeckler": {
      "stages": {
        "mined": "2026-02-19T20:44:54.340401"
      }
    },
    "lennysan": {
      "stages": {
        "mined": "2026-02-19T20:44:54.342267"
      }
    },
    "d4m1n": {
      "stages": {
        "mined": "2026-02-19T20:44:54.344125"
      }
    },
    "ttunguz": {
      "stages": {
        "mined": "2026-02-19T20:44:54.346033"
      }
    },
    "nityeshaga": {
      "stages": {
        "mined": "2026-02-19T20:44:54.349065"
      }
    },
    "victorzhrn": {
      "stages": {
        "mined": "2026-02-19T20:44:58.271104"
      }
    },
    "burkov": {
      "stages": {
        "mined": "2026-02-19T20:44:58.272981"
      }
    },
    "andrewmayne": {
      "stages": {
        "mined": "2026-02-19T20:44:58.274886"
      }
    },
    "abacusai": {
      "stages": {
        "mined": "2026-02-19T20:44:58.276858"
      }
    },
    "karpathy": {
      "stages": {
        "mined": "2026-02-19T20:44:58.278903"
      }
    },
    "hamelhusain": {
      "stages": {
        "mined": "2026-02-19T20:44:58.281069"
      }
    },
    "hwchase17": {
      "stages": {
        "mined": "2026-02-19T20:44:58.282947"
      }
    },
    "shannonzshen": {
      "stages": {
        "mined": "2026-02-19T20:44:58.284728"
      }
    },
    "farzatv": {
      "stages": {
        "mined": "2026-02-19T20:44:58.286656"
      }
    },
    "ttorres": {
      "stages": {
        "mined": "2026-02-19T20:44:58.288582"
      }
    },
    "whats_ai": {
      "stages": {
        "mined": "2026-02-19T20:44:58.290422"
      }
    },
    "sunglassesface": {
      "stages": {
        "mined": "2026-02-19T20:44:58.292178"
      }
    },
    "forloopcodes": {
      "stages": {
        "mined": "2026-02-19T20:44:58.294184"
      }
    },
    "swyx": {
      "stages": {
        "mined": "2026-02-19T20:44:58.297124"
      }
    },
    "jdegoes": {
      "stages": {
        "mined": "2026-02-19T20:44:58.299401"
      }
    },
    "mikepat711": {
      "stages": {
        "mined": "2026-02-19T20:44:58.301346"
      }
    }
  },
  "pipeline": {
    "last_run": {},
    "topics_mined": {
      "": {
        "status": "pending",
        "results": 0,
        "last_run": null,
        "added_at": "2026-02-19T20:39:14.688366"
      },
      "agentic github": {
        "status": "completed",
        "results": 16,
        "last_run": "2026-02-19T20:44:50.358394",
        "added_at": "2026-02-19T20:43:27.623033"
      },
      "shipped my AI agent project": {
        "status": "completed",
        "results": 20,
        "last_run": "2026-02-19T20:44:54.352584",
        "added_at": "2026-02-19T20:43:51.314606"
      },
      "building with RAG and vector databases": {
        "status": "pending",
        "results": 0,
        "last_run": null,
        "added_at": "2026-02-19T20:43:51.316524"
      },
      "just launched my LLM app": {
        "status": "completed",
        "results": 17,
        "last_run": "2026-02-19T20:44:58.303464",
        "added_at": "2026-02-19T20:43:51.318227"
      },
      "fine-tuning open-source models for": {
        "status": "pending",
        "results": 0,
        "last_run": null,
        "added_at": "2026-02-19T20:43:51.319985"
      },
      "indie hacker building AI tools": {
        "status": "pending",
        "results": 0,
        "last_run": null,
        "added_at": "2026-02-19T20:43:51.321811"
      }
    }
  }
}